cma,n_folds_evaluated,n_train_rows_first_fold,cma_first_obs,loco_model_MDA,loco_model_NMSE,loco_model_NRMSE,loco_model_NMAE,loco_baseline_MDA,loco_baseline_NMSE,loco_baseline_NRMSE,loco_baseline_NMAE,self_model_MDA,self_model_NMSE,self_model_NRMSE,self_model_NMAE,self_baseline_MDA,self_baseline_NMSE,self_baseline_NRMSE,self_baseline_NMAE,delta_loco_minus_persist_MDA,delta_loco_minus_self_MDA
"Guelph, Ontario",1,0,2016-12-01,0.6,0.0025838104092715396,0.050831195237487185,0.04583524786700977,1.0,0.0033796296296296287,0.05813458204571207,0.03194444444444441,,,,,,,,,-0.4,
"St. John's, Newfoundland and Labrador",5,324,1981-01-01,0.4720285562390826,0.006932948519461596,0.07639582723890008,0.07439184995033087,0.8714285714285716,0.0009478049165318033,0.024329203076915704,0.01323985042735043,0.5272955115060378,0.010346988717252306,0.08191302680620506,0.07459038884720973,0.8714285714285716,0.0009478049165318033,0.024329203076915704,0.01323985042735043,-0.399400015189489,-0.05526695526695524
"Halifax, Nova Scotia",5,284,1984-05-01,0.5092832167832168,0.001002071587309262,0.0286914933505348,0.026326918177060593,0.7584415584415585,0.0001550297043316642,0.012042004327803547,0.0063648504273504354,0.6877622377622378,0.009362460656082247,0.08832705033959129,0.08171286261903658,0.7584415584415585,0.0001550297043316642,0.012042004327803547,0.0063648504273504354,-0.24915834165834172,-0.17847902097902102
"Winnipeg, Manitoba",5,324,1981-01-01,0.7955798587377535,0.000755356618363832,0.02562172263842516,0.023438785986387753,0.9733333333333334,0.00028272691928387175,0.016234294753192914,0.01168803418803417,0.6237411711095923,0.00332228635762987,0.05397947734407556,0.04824466038325959,0.9733333333333334,0.00028272691928387175,0.016234294753192914,0.01168803418803417,-0.17775347459557989,0.17183868762816124
"Ottawa-Gatineau, Ontario part, Ontario/Quebec",5,324,1981-01-01,0.6578634085213032,0.0035022595000557934,0.04958479650105034,0.04762417477053783,0.8147899159663865,0.00022743905040965027,0.013852048198537456,0.009170981262327405,0.6606307435254803,0.0007341047757774879,0.02484412071133859,0.019884680781910323,0.8147899159663865,0.00022743905040965027,0.013852048198537456,0.009170981262327405,-0.1569265074450833,-0.0027673350041771405
"London, Ontario",5,324,1981-01-01,0.5970995670995671,0.0009459067961881375,0.029241168042598343,0.024996376607271813,0.7208658008658009,0.0005155935229437456,0.019308407303506563,0.011554898093359618,0.5303463203463202,0.00789807806532728,0.06049409137282071,0.05200749405140194,0.7208658008658009,0.0005155935229437456,0.019308407303506563,0.011554898093359618,-0.12376623376623375,0.0667532467532469
"Victoria, British Columbia",5,324,1981-01-01,0.6787375300997592,0.0039328139480517355,0.0480509984597306,0.04418431264910433,0.793939393939394,0.0007630739097085244,0.023109007312612534,0.015320512820512815,0.57343653250774,0.0037469978043211316,0.052568400572029494,0.045940765617660764,0.793939393939394,0.0007630739097085244,0.023109007312612534,0.015320512820512815,-0.11520186383963471,0.10530099759201927
"Montréal, Quebec",5,324,1981-01-01,0.5270676691729324,0.15471105602002655,0.26140130199083356,0.259231320568705,0.6399206349206349,0.0001720948784327115,0.012047722295355359,0.00742706278763971,0.563345864661654,0.0012372189346356705,0.030939390863185395,0.024817198569094825,0.6399206349206349,0.0001720948784327115,0.012047722295355359,0.00742706278763971,-0.11285296574770254,-0.03627819548872169
"Regina, Saskatchewan",5,324,1981-01-01,0.5667119155354449,0.0024446807639378594,0.04120437295930357,0.03680752584131299,0.6571428571428571,0.0013562824121487226,0.03182614636624158,0.01627773668639055,0.600211161387632,0.05800028605655279,0.22157485117614253,0.19609723968255652,0.6571428571428571,0.0013562824121487226,0.03182614636624158,0.01627773668639055,-0.09043094160741227,-0.03349924585218711
"Vancouver, British Columbia",5,324,1981-01-01,0.6255068035119186,0.005390143516568811,0.06821096759295871,0.06385921123951568,0.7139355742296919,0.0006162155306478534,0.021051351703059218,0.01563157462195921,0.5688865269427931,1.1131086025531751,0.5322166924934135,0.4926387862840162,0.7139355742296919,0.0006162155306478534,0.021051351703059218,0.01563157462195921,-0.08842877071777333,0.056620276569125494
"Greater Sudbury, Ontario",5,324,1981-01-01,0.42777777777777787,0.0018907145532175,0.04221479115363409,0.037310355472128395,0.5083333333333333,0.00029637722789072594,0.016064808969836045,0.00756882807363575,0.5311111111111111,0.0008745525852136025,0.025858407533597742,0.02080085647213451,0.5083333333333333,0.00029637722789072594,0.016064808969836045,0.00756882807363575,-0.08055555555555544,-0.10333333333333322
"Hamilton, Ontario",5,324,1981-01-01,0.6499874686716792,0.0018328472662880219,0.03975050813735889,0.03665621828837026,0.6870175438596491,0.00032359987683120036,0.016930623461729237,0.012273380999342507,0.5829323308270677,0.0006016721090321246,0.02354106761504491,0.020165016380910568,0.6870175438596491,0.00032359987683120036,0.016930623461729237,0.012273380999342507,-0.03703007518796986,0.06705513784461148
"St. Catharines-Niagara, Ontario",5,324,1981-01-01,0.5908613445378151,0.0012039654730094565,0.031143557450265275,0.027961291216409185,0.6161616161616161,0.0006871239216144923,0.02249334936389425,0.015574252136752143,0.595763305322129,0.0009594103183186897,0.02929104876929687,0.023744414169209267,0.6161616161616161,0.0006871239216144923,0.02249334936389425,0.015574252136752143,-0.025300271623800996,-0.004901960784313819
"Charlottetown, Prince Edward Island",5,156,1995-01-01,0.5371212121212122,0.002605376988244311,0.0476536098928589,0.04365825129753768,0.5381313131313131,0.0002481192129629639,0.015477402062658758,0.008576388888888908,0.474512987012987,0.018615086978899482,0.11859137101674126,0.11106553221352507,0.5381313131313131,0.0002481192129629639,0.015477402062658758,0.008576388888888908,-0.0010101010101009056,0.06260822510822522
"Oshawa, Ontario",1,0,2016-12-01,1.0,0.002327959451658784,0.04824893212972473,0.04729961989706578,1.0,0.003136574074074071,0.05600512542682206,0.03194444444444441,,,,,,,,,0.0,
"Kelowna, British Columbia",1,0,2016-12-01,1.0,0.010616229276161597,0.10303508759719476,0.09841740584139085,1.0,0.0016203703703703786,0.040253824294970764,0.023611111111111152,,,,,,,,,0.0,
"Ottawa-Gatineau, Quebec part, Ontario/Quebec",1,0,2016-12-01,1.0,0.00019098079549981047,0.013819580149187256,0.008253997542329078,1.0,0.0002604166666666699,0.016137430609197673,0.011805555555555576,,,,,,,,,0.0,
"Edmonton, Alberta",5,324,1981-01-01,0.40882149961433845,0.0033178463523540216,0.045795894143116515,0.04313343914906182,0.40519480519480516,0.0006006428168040571,0.018111035831572607,0.012580128205128178,0.5325944870701903,0.022318141490259614,0.12805040915671845,0.11804671768951835,0.40519480519480516,0.0006006428168040571,0.018111035831572607,0.012580128205128178,0.003626694419533283,-0.12377298745585186
"Saskatoon, Saskatchewan",5,324,1981-01-01,0.5849476865845153,0.0023682172234588865,0.04540406269986412,0.03775110812688044,0.5765367965367966,0.001292738664572061,0.027295570983541427,0.018103837935568735,0.4598883980469658,0.08529044693840132,0.24025341312657672,0.22120823541754303,0.5765367965367966,0.001292738664572061,0.027295570983541427,0.018103837935568735,0.008410890047718778,0.12505928853754955
"Kitchener-Cambridge-Waterloo, Ontario",5,324,1981-01-01,0.6542857142857142,0.0006759934091349798,0.023397572978371407,0.019065343626093405,0.6416666666666666,0.0004803752407533838,0.019259112985422194,0.011924104207758069,0.5425974025974026,0.0006012598176778872,0.02322705602124462,0.01809956596094373,0.6416666666666666,0.0004803752407533838,0.019259112985422194,0.011924104207758069,0.01261904761904764,0.11168831168831161
"Windsor, Ontario",5,324,1981-01-01,0.5176190476190476,0.004556062194691937,0.06487143819663489,0.06210452159071137,0.49109557109557106,0.000756377791580268,0.021832937883174485,0.014303706443129487,0.5319047619047619,0.0007380182398072246,0.02385705833742479,0.01754594630917024,0.49109557109557106,0.000756377791580268,0.021832937883174485,0.014303706443129487,0.026523476523476586,-0.014285714285714235
"Québec, Quebec",5,324,1981-01-01,0.6202380952380953,0.0009644680182538656,0.023821076586289926,0.021166945059188525,0.575,0.00026146041424332745,0.013601101636992814,0.008189513477974992,0.4920238095238096,0.001096449780244455,0.03216593973516606,0.027622885635022236,0.575,0.00026146041424332745,0.013601101636992814,0.008189513477974992,0.0452380952380953,0.12821428571428567
"Sherbrooke, Quebec",1,0,2016-12-01,0.25,0.000491341808436966,0.022166231263725595,0.020293138858011674,0.0,8.68055555555539e-05,0.009316949906249036,0.004861111111111032,,,,,,,,,0.25,
"Trois-Rivières, Quebec",1,0,2016-12-01,1.0,0.0003448592423294224,0.018570386165328454,0.01808652311097456,,5.208333333333234e-05,0.007216878364870254,0.0020833333333333134,,,,,,,,,,
